"","S0","MSY","Fmsy","species"
"logK",1276261.65812066,274672.718448808,0.430433237104801,"Atlantic cod"
"logK2",2410050.78740776,261723.004933964,0.217192937428071,"Herring"
"logK1",3643082.57108832,390890.510644181,0.214593275346712,"Sprat"
